{"principle": "similarity", "id": 15, "num": 3, "group_num": "l", "qualifier_all": false, "qualifier_exist": false, "prop_shape": false, "prop_color": true, "non_overlap": true, "prop_size": false, "prop_count": false, "resolution": 1024, "img_data": [{"x": 0.4375047987994254, "y": 0.8803274547640167, "size": 0.045374783548520044, "color_name": 12, "color_r": 95, "color_g": 158, "color_b": 160, "shape": "pac_man", "line_width": -1, "solid": true, "start_angle": 0, "end_angle": 300}, {"x": 0.6623624581699376, "y": 0.6333058387684234, "size": 0.03212490286496983, "color_name": 49, "color_r": 218, "color_g": 165, "color_b": 32, "shape": "pac_man", "line_width": -1, "solid": true, "start_angle": 60, "end_angle": 360}, {"x": 0.4968393472603744, "y": 0.6026184092108937, "size": 0.030834227645907566, "color_name": 48, "color_r": 255, "color_g": 215, "color_b": 0, "shape": "pac_man", "line_width": -1, "solid": true, "start_angle": 120, "end_angle": 420}, {"x": 0.6226407297921122, "y": 0.4727819208248468, "size": 0.0784149822085225, "color_name": 86, "color_r": 147, "color_g": 112, "color_b": 219, "shape": "pac_man", "line_width": -1, "solid": true, "start_angle": 180, "end_angle": 480}]}